{
	"miniprogramRoot": "dist/",
	"projectname": "clean",
	"description": "",
	"appid": "wxf121d862d28158fd",
	"setting": {
		"urlCheck": false,
		"es6": false,
		"enhance": false,
		"postcss": false,
		"preloadBackgroundData": false,
		"minified": false,
		"newFeature": false,
		"coverView": true,
		"nodeModules": false,
		"autoAudits": false,
		"showShadowRootInWxmlPanel": true,
		"scopeDataCheck": false,
		"uglifyFileName": false,
		"checkInvalidKey": true,
		"checkSiteMap": true,
		"uploadWithSourceMap": true,
		"compileHotReLoad": false,
		"babelSetting": {
			"ignore": [],
			"disablePlugins": [],
			"outputPath": ""
		},
		"bundle": false,
		"useIsolateContext": true,
		"useCompilerModule": false,
		"userConfirmedUseCompilerModuleSwitch": false,
		"useMultiFrameRuntime": true,
		"useApiHook": true,
		"useApiHostProcess": false,
		"enableEngineNative": false,
		"userConfirmedBundleSwitch": false,
		"packNpmManually": false,
		"packNpmRelationList": [],
		"minifyWXSS": true
	},
	"compileType": "miniprogram",
	"simulatorType": "wechat",
	"simulatorPluginLibVersion": {},
	"condition": {
		"search": {
			"list": []
		},
		"conversation": {
			"list": []
		},
		"plugin": {
			"list": []
		},
		"game": {
			"list": []
		},
		"gamePlugin": {
			"list": []
		},
		"miniprogram": {
			"list": [
				{
					"id": -1,
					"name": "pages/shop/index",
					"pathName": "pages/shop/index",
					"query": "",
					"scene": null
				},
				{
					"id": -1,
					"name": "pages/shop_sp/index",
					"pathName": "pages/shop_sp/index",
					"query": "",
					"scene": null
				}
			]
		}
	}
}